priority,entity,type,parcels,assessed,taxes_past_due,years_since_transfer,bill_mailed_to
80,COST CONTROL MARKET/SALES MGT OF VA,BUSINESS,3,180000,19323.36,38,EAST STROUDSBURG PA
75,CC & F DAHLGREN ASSOCIATES,BUSINESS,1,5318600,38981.31,42,BOSTON MA
73,ERI INC,BUSINESS,4,228000,30385.52,42,MCLEAN VA
73,C & H PARTNERS,BUSINESS,1,70200,5661.78,41,FREDERICKSBURG VA
70,CASTLE MASTER HOMES INC,BUSINESS,7,464700,8371.43,18,PRINCE FREDERICK MD
70,LAND AND INVESTMENT INC,BUSINESS,1,65900,672.38,20,RALEIGH NC
70,ENTRUST MIDATLANTIC LLC FBO BRYAN E POWELL;IRA#10173,BUSINESS,1,40000,3110.37,21,SILVER SPRING MD
63,BELVEDERE CENTER LLC,BUSINESS,1,1670100,2738.71,16,FAIRFAX VA
63,BELVEDERE CLIFTON LLC,BUSINESS,2,387700,329.26,21,FAIRFAX VA
63,JPI-SOMERSET BEACH LLC & CAMARA JULIA H & HUGGER JOSEPH B,BUSINESS,3,92100,23.17,16,VIENNA VA
63,JWJV INC,BUSINESS,1,80000,13236.12,20,MCLEAN VA
63,BUSINESS VACATION CONCEPTS INC,BUSINESS,1,80000,12376.4,22,NASSAU BAHAMAS 
60,PRESIDENTIAL LAKES DEVELOPMENT CO,BUSINESS,13,780000,112481.63,,BLOUNTVILLE TN
60,ST STEPHENS BAPTIST CHURCH,CHURCH,2,333600,0.22,62,KING GEORGE VA
58,TRIPLE J HOLDINGS LLC,BUSINESS,1,419700,4422.33,13,FREDERICKSBURG VA
58,WSP8 LLC,BUSINESS,1,88100,1437.48,13,MANASSAS VA
55,LEMONADE MM DS 12 LLC,BUSINESS,1,1338000,16257.83,2,BOSTON MA
55,PAGES OF PURCHASE LLC,BUSINESS,3,440400,20089.05,0,BALTIMORE MD
55,PROJECT FAITH INC,BUSINESS,1,12000,219.0,24,KING GEORGE VA
53,THE PARADA GROUP LLC,BUSINESS,4,1494800,5303.32,5,TRIANGLE VA
53,RIVER POTOMAC LLC,BUSINESS,2,247800,1297.99,8,FREDERICKSBURG VA
53,JRA VA INVESTMENTS LLC,BUSINESS,2,158400,1003.74,1,FALLS CHURCH VA
53,VIRGIN VENTURES LLC,BUSINESS,1,151900,1926.26,4,TRIANGLE VA
53,ZAMORA INVESTMENT GROUP LLC,BUSINESS,1,149000,3048.83,2,LORTON VA
53,ADD PROPERTIES CORP,BUSINESS,1,40000,794.19,0,SPRINGFIELD VA
53,JOHNSON RAMONA L HOMES,BUSINESS,1,23300,277.93,2,COLONIAL BEACH VA
53,HDS REAL ESTATE INVESTMENTS LLC,BUSINESS,1,22000,123.93,1,FREDERICKSBURG VA
48,HERTENSTEIN INVESTMENT GROUP LLC,BUSINESS,5,2310000,28236.41,11,KING GEORGE VA
48,GARCIA VILLAGE LLC,BUSINESS,3,982700,7177.92,10,KING GEORGE VA
48,GARCIA HILL LLC,BUSINESS,3,796780,5506.02,10,KING GEORGE VA
48,VASQUEZ SANTOSH INVESTMENTS LLC,BUSINESS,3,650100,15440.29,2,STAFFORD VA
48,WEADON PROPERTIES LLC,BUSINESS,1,478400,12817.26,8,KING GEORGE VA
48,TRPILE J HOLDINGS LLC,BUSINESS,1,419500,5851.35,1,FREDERICKSBURG VA
48,FLE ENTERPRISES LLC,BUSINESS,1,255300,2705.22,3,MECHANICSVILLE VA
48,RYAN'S REHABS & RENOV LLC,BUSINESS,1,193500,1325.81,1,KING GEORGE VA
48,POTOMAC HUNT CLUB,ASSOCIATION,1,95200,662.65,,COLONIAL BEACH VA
40,WESTBROOKE HOMES LLC,BUSINESS,31,3313230,1781.16,7,KING GEORGE VA
40,HARDWOOD PROPERTIES LLC,BUSINESS,9,912700,2510.49,4,KING GEORGE VA
40,MAXWELL INVESTMENTS LLC,BUSINESS,2,518900,3489.4,2,KING GEORGE VA
40,WEEDON SERVICES LLC,BUSINESS,2,345700,95.32,3,KING GEORGE VA
40,K G DEVELOPMENT COMPANY INC,BUSINESS,1,80000,0,48,FORT WASHINGTON MD
40,WRK INC,BUSINESS,1,74000,0,29,SHOREHAM NY
40,KING GEORGE ON THE POTOMAC INC,BUSINESS,1,32100,0,37,LAPLATA MD
35,MID ATLANTIC MATERIALS INC,BUSINESS,4,5995500,0,29,DUNDEE MI
35,STEICO INC,BUSINESS,1,3667300,0,26,ALTOONA PA
35,WAWA INC,BUSINESS,1,3544800,0,27,SOUTHEASTERN PA
35,MOUNT BETHEL BAPTIST ASSOC INC,CHURCH,3,1872800,0,47,WASHINGTON DC
35,THE SOUTHLAND CORPORATION DBA 7-11 STORE #21882-2571,BUSINESS,1,1437000,0,47,DALLAS TX
35,FIRST VIRGINIA BANK 6400 ARLINGTON BLVD,BUSINESS,1,754000,0,48,WINSTON-SALEM NC
35,GRAY FAMILY ESTATES LLC,BUSINESS,1,293200,0,124,NEWARK DE
35,FREE GOSPEL CHURCH OF CHRIST RECREATIONAL ASSOC. INC.,CHURCH,1,197000,0,38,CAPITOL HEIGHTS MD
33,GENERAL PRODUCTS CO INC,BUSINESS,3,1597781,0,63,FREDERICKSBURG VA
33,POTOMAC LANDING DEVELOPMENT CORP,BUSINESS,3,158100,0,40,FREDERICKSBURG VA
33,TOP-NOTCH BUILDERS INC,BUSINESS,1,80000,0,30,FREDERICKSBURG VA
33,WILLOW OAKS INC,BUSINESS,1,22500,0,59,FREDERICKSBURG VA
33,POTOMAC LANDING DEVELOPMENT CORPORA,BUSINESS,1,15500,0,37,FREDERICKSBURG VA
33,HENDERSON CONSTRUCTION CO INC,BUSINESS,1,15000,0,49,FREDERICKSBURG VA
33,GOOD DEALS LIMITED PARTNERSHIP,BUSINESS,1,12000,0,31,FREDERICKSBURG VA
33,ALPHA WATER CORP,BUSINESS,1,10000,0,45,WARSAW VA
33,MONMOUTH WOODS ASSOCIATES,BUSINESS,1,9600,0,34,MIDLOTHIAN VA
33,CALMAR CORPORATION T/A SOUTH.LAND & TIMBER CO.,BUSINESS,1,2100,0,32,FREDERICKSBURG VA
33,CLAMAR CORPORATION T/A SOUTHEASTERN LAND & TIMB,BUSINESS,1,2100,0,31,FREDERICKSBURG VA
33,SILVER & BURNETT LAND DEVELOPMENT I,BUSINESS,1,100,0,42,FREDERICKSBURG VA
33,MALLARD'S LANDING HOMEOWNERS' ASSOC,ASSOCIATION,1,0,0,37,FREDERICKSBURG VA
33,MALLARD'S LANDING HOMEOWNERS'ASSOCI,ASSOCIATION,1,0,0,31,FREDERICKSBRG VA
33,OAKLAND PARK HOMEOWNER'S ASSOCIATIO,ASSOCIATION,2,0,0,31,FREDERICKSBURG VA
30,QUALITY BUILT HOMES INC,BUSINESS,33,5432700,0,12,PRINCE FREDERICK MD
30,COPT DAHLGREN LAND LLC,BUSINESS,5,814420,0,21,COLUMBIA MD
30,AGGREGATE INDUSTRIES LAND CO INC,BUSINESS,1,765000,0,15,DUNDEE MI
30,THREE RIVERS INVESTMENTS LLC,BUSINESS,2,299200,0,15,MYRTLE BEACH SC
30,T M AND G PROPERTIES LLC,BUSINESS,1,240800,0,22,EATONTON GA
30,KETTS H & M LLC,BUSINESS,1,234300,0,13,AQUASCO MD
30,TBB INC,BUSINESS,1,40000,0,20,LA PLATA MD
30,HOMECROFT DEVELOPMENT CORP,BUSINESS,1,26600,0,22,WOODBINE MD
30,GREEN HEIGHTS DEVELOPMENT GROUP LLC,BUSINESS,2,9700,0,24,BEL ALTON MD
30,HAYNES ENTERPRISES INC,BUSINESS,1,0,0,22,NEWBURG MD
30,NORTH RIDGE EST.PROP.OWNERS ASSOC,ASSOCIATION,1,0,0,21,BEALTON MD
30,SOMERSET WESTBURY LLC,BUSINESS,4,0,0,19,BEL ALTON MD
28,OMARINA CORPORATION N V,BUSINESS,7,9006680,0,44,RICHMOND VA
28,HAAS BELLE GROVE INCORPORATED,BUSINESS,4,5927200,0,39,RICHMOND VA
28,SCHOOLER PROPERTIES OF KING GEORGE,BUSINESS,1,4348400,0,28,FREDERICKSBURG VA
28,BARLIS REALTY LLC,BUSINESS,3,4044500,0,28,FAIRFAX VA
28,TRUSTEES OF PEACE LUTHERAN CHURCH O,CHURCH,1,3659500,0,30,KING GEORGE VA
28,MCDONALDS CORPORATION,BUSINESS,1,3414800,0,41,NORTH CHESTERFIELD VA
28,FULCHER DOILY E & JUDY K FULCHER FAMILY LIMITED PART.,BUSINESS,10,2764200,0,29,KING GEORGE VA
28,TRUSTEES OF K GEORGE CHURCH OF GOD MOZINGO LEROY & PADGETT JAMES,CHURCH,1,2104100,0,25,KING GEORGE VA
28,THE PATRICIA M JONES FAM.LIM.PARTNE THE SCOTT FAMILY PARTNERSHIP,BUSINESS,1,1484800,0,32,BLUEMONT VA
28,NORTHERN VA SHOOTING FACILITY INC,BUSINESS,2,1134000,0,58,FREDERICKSBRG VA
28,PEOPLE'S COMMUNITY BANK,BUSINESS,1,1008800,0,27,TOANO VA
28,TOLSON FAMILY LIMITED PARTNERSHIP,BUSINESS,4,984800,0,34,HARRISONBURG VA
28,WESTMORELAND LAND COMPANY,BUSINESS,2,856200,0,31,WINCHESTER VA
28,KG DEVELOPERS LLC,BUSINESS,5,715300,0,30,ASHBURN VA
28,SALE FAMILY LIMITED LIABILITY CO,BUSINESS,2,394000,0,30,FREDERICKSBURG VA
28,TRUSTEES FLETCHERS CHAPEL CHURCH,CHURCH,1,290000,0,65,KING GEORGE VA
28,KEATING MOST REV JOHN R BISHOP OF THE CATH.DIO.OF AR,CHURCH,1,255700,0,32,COLONIAL BEACH VA
28,"DANIELSON BEATRICE C.,L L C",BUSINESS,1,247000,0,29,SPOTSYLVANIA VA
28,COMMODITY MARKET AND TRANSIT CO INC,BUSINESS,1,172900,0,35,KILMARNOCK VA
28,HOLY LIGHT UNITED BAPTIST CHURCH,CHURCH,1,168400,0,26,MANASSAS VA
28,DENCO INC,BUSINESS,1,121100,0,38,MONTROSS VA
25,COPT DAHLGREN LLC,BUSINESS,1,10334800,0,22,COLUMBIA MD
25,COPT DAHLGREN IV LLC,BUSINESS,3,7493100,0,22,COLUMBIA MD
25,KING GEORGE SHOPPING CENTER LLC,BUSINESS,2,6547300,0,23,BETHESDA MD
25,COPT DAHLGREN I LLC,BUSINESS,1,6192900,0,22,COLUMBIA MD
25,KING GEORGE LANDFILL PROPERTIES LLC,BUSINESS,19,5883231,0,17,CHICAGO IL
25,GETTY VA LEASING INC,BUSINESS,1,1584100,0,21,NEW YORK NY
25,CORPORATION OF THE PRESIDING BISHOP,BUSINESS,1,1310500,0,18,SALT LAKE CITY UT
25,CLARION INVESTMENT & PROP MANAG LLC,BUSINESS,1,1266700,0,15,OWINGS MILLS MD
25,MONMOUTH NORTH LIMITED PARTNERSHIP,BUSINESS,3,1219700,0,30,KING GEORGE VA
25,KING GEORGE HEALTH CARE LLC,BUSINESS,1,1136200,0,14,BETHESDA MD
25,DAHLGREN COMMUNITY CENTER INC,BUSINESS,1,1112200,0,23,PORT TOBACCO MD
25,TAYLOR FRANK B LIMITED FAM PARTNER.,BUSINESS,1,1037300,0,29,KING GEORGE VA
25,AMERICAN TOWER LP,BUSINESS,1,820000,0,18,ATLANTA GA
25,KING GEORGE SPEEDWAY INC,BUSINESS,1,767900,0,19,PORT TOBACCO MD
25,TAYLOR FRANK B LIMIT FAMILY PARTNER,BUSINESS,1,536300,0,29,KING GEORGE VA
25,ATC PONDEROSA K LLC,BUSINESS,1,493700,0,16,ATLANTA GA
25,EAGLE BAY 3 LLC,BUSINESS,1,412400,0,19,CALIFORNIA MD
25,D & R HOME ENTERPRISES LLC,BUSINESS,1,256000,0,12,WALDORF MD
25,TRUSTEES ANTIOCH BAPTIST CHURCH,CHURCH,2,156600,0,42,KING GEORGE VA
25,TRUSTEES OF GOOD HOPE BAPTIST CH,CHURCH,1,153200,0,25,KING GEORGE VA
25,THE FREE GOSPEL CHURCH OF CHRIST RECREATIONAL ASSOCIATION INC,CHURCH,1,108600,0,23,CAPITOL HEIGHTS MD
25,TRUSTEES LITTLE ARK BAPTIST CHURCH,CHURCH,2,105900,0,62,DAHLGREN VA
25,PRESIDENTIAL LAKES PROPERTY OWNERS,ASSOCIATION,6,90200,0,51,KING GEORGE VA
25,PRESIDENTIAL LAKES PROP.OWNERS ASSO,ASSOCIATION,7,88700,0,51,KING GEORGE VA
25,TRUSTEES OF HANOVER BAPTIST CHURCH,CHURCH,1,81700,0,27,KING GEORGE VA
25,FULCHER D E CONSTRUCTION COMPANY,BUSINESS,2,75300,0,33,KING GEORGE VA
25,PILGRIM CHURCH,CHURCH,1,56800,0,142,KING GEORGE VA
25,WAVERLEY ASSOC INCORPORATED,ASSOCIATION,1,40000,0,70,DAHLGREN VA
25,TRUSTEES SALEM BAPTIST CHURCH,CHURCH,1,29800,0,57,KING GEORGE VA
25,KITCHEN'S POINT PARTNERSHIP,BUSINESS,1,28000,0,37,KING GEORGE VA
25,MULLEN & MULLEN INC,BUSINESS,1,7500,0,33,KING GEORGE VA
25,TRUSTEES OF FLETCHERS CHURCH,CHURCH,1,3000,0,44,KING GEORGE VA
25,TRUSTEES GOOD HOPE BAPTIST CHURCH,CHURCH,1,2400,0,48,KING GEORGE VA
25,TRUSTEES OF HANOVER PARISH,CHURCH,1,100,0,48,KING GEORGE VA
25,TRUSTEES TRINITY METHODIST CHURCH,CHURCH,1,100,0,48,KING GEORGE VA
25,TRUSTEES OF UNION BETHEL BAPTIST,CHURCH,1,100,0,25,KING GEORGE VA
25,HALL GEORGE ETALS TRUSTEES OF HANOVER-W-B PAR.,CHURCH,1,100,0,36,DOGUE VA
25,SUMMERBEAM HOMEOWNER'S ASSOCIATION,ASSOCIATION,1,0,0,26,KING GEORGE VA
25,POTOMAC LANDING PROPERTY OWNERS ASS,ASSOCIATION,4,0,0,30,KING GEORGE VA
25,DUCLOS HOMEOWNERS ASSOCIATION,ASSOCIATION,1,0,0,48,DAHLGREN VA
25,MACHODOC HARBORS ASSOC,ASSOCIATION,1,0,0,52,KING GEORGE VA
25,K G ON THE POTOMAC HOMEOWNERS ASSOC,ASSOCIATION,1,0,0,33,DAHLGREN VA
25,MACHODOC ESTATES LANOWNERS' ASSOC I,ASSOCIATION,1,0,0,36,KING GEORGE VA
25,CANTERBURY LANDOWNERS COUNCIL INC,BUSINESS,5,0,0,33,KING GEORGE VA
25,WILLIAMS CREEK TOWNHOUSES HOMEOWNER,ASSOCIATION,1,0,0,40,DAHLGREN VA
25,CONTINENTAL TELEPHONE CO.OF VA,BUSINESS,1,0,0,48, 
23,HOPYARD LAND LLC,BUSINESS,2,1761700,0,20,FREDERICKSBURG VA
23,GREAT RUN ESTATES LLC,BUSINESS,3,1633000,0,14,CHARLOTTESVILLE VA
23,RIDGEVIEW DRIVE LLC,BUSINESS,18,990000,0,20,HERNDON VA
23,NORTHERN NECK PROPERTIES LLC,BUSINESS,1,946200,0,19,ALEXANDRIA VA
23,JPI-CALEDON CROSSING HOLDING LLC,BUSINESS,15,861400,0,18,FREDERICKSBURG VA
23,EDELF ASSOCIATES LLC,BUSINESS,2,854400,0,20,COLONIAL BEACH VA
23,CLEVE MARSH ASSOCIATES,BUSINESS,1,827200,0,22,FREDERICKSBURG VA
23,PAYNE STREET LLC,BUSINESS,5,815400,0,17,FREDERICKSBURG VA
23,FAMILY HERITAGE INVESTMENTS LLC,BUSINESS,2,730400,0,16,RUTHER GLEN VA
23,POTOMAC PRESERVE LLC,BUSINESS,1,645100,0,18,FAIRFAX VA
23,BELLS MILL LLC,BUSINESS,1,410200,0,18,MIDLOTHIAN VA
23,JPI-CALEDON CROSSING HOLD 2011 LLC,BUSINESS,6,380600,0,15,FREDERICKSBURG VA
23,MATH MODELING CORPORATION,BUSINESS,2,372800,0,19,FREDERICKSBG VA
23,NORTHERN VIRGINIA SHOOTING FAC.INC,BUSINESS,1,324700,0,23,FREDERICKSBRG VA
23,STURGESS REAL ESTATE HOLDINGS LLC,BUSINESS,2,284900,0,12,FREDERICKSBURG VA
23,HERITAGE LAND X LLC,BUSINESS,1,281300,0,16,ROANOKE VA
23,L & M PROPERTY INVESTMENTS LLC,BUSINESS,1,238730,0,21,FREDERICKSBURG VA
23,CATHOLICS FOR HOUSING INC,BUSINESS,1,191700,0,17,MANASSAS VA
23,WORMAN DEVELOPMENT LC,BUSINESS,3,182800,0,24,FREDERICKSBURG VA
23,NORTHERN NECK ELECTRIC COOPERATIVE,BUSINESS,1,115500,0,22,WARSAW VA
23,ARNOLDS CORNER INVESTMENTS L C,BUSINESS,1,114400,0,21,FREDERICKSBURG VA
23,DOSWELL VENTURES LLC,BUSINESS,1,112220,0,19,RICHMOND VA
23,VIRGINIA ELECTRIC AND POWER CO DBA DOMINION VIRGINIA POWER,BUSINESS,1,89400,0,14,RICHMOND VA
23,SOUTHERN PLANTATIONS INC,BUSINESS,2,55700,0,24,FREDERICKSBURG VA
23,O D R LLC,BUSINESS,3,43600,0,21,MIDLOTHIAN VA
23,SOUTHERN HILLS LAND LLC,BUSINESS,1,25600,0,16,FREDERICKSBURG VA
23,CONSTRUCT-ALL INC,BUSINESS,1,7900,0,23,STAFFORD VA
23,CASCADE LAND COMPANY,BUSINESS,1,5500,0,22,GLEN ALLEN VA
23,AQUA PRESIDENTIAL INC ATT: MIKE SARVER,BUSINESS,2,0,0,12,ROCKVILLE VA
23,DOMINION VIRGINIA POWER,BUSINESS,1,0,0,14,RICHMOND VA
23,KINGS HIGHWAY CENTRE CONDOMINIUM OWNERS ASSOCIATION,ASSOCIATION,1,0,0,14,VIENNA VA
23,CALEDON CROSSING HOMEOWNERS' ASSOC,ASSOCIATION,4,0,0,18,SPOTSYLVANIA VA
23,HOPYARD FARM HOMEOWNERS ASSOCIATION,ASSOCIATION,1,0,0,20,FREDERICKSBURG VA
23,SOMERSET WILLOW HILL LLC,BUSINESS,2,0,0,20,FREDERICKSBRG VA
20,TAYLOR FRANK B LIMITED FAMILY PARTN,BUSINESS,6,6372650,0,29,KING GEORGE VA
20,ROUND HILL BAPTIST CHURCH,CHURCH,1,5341600,0,121,KING GEORGE VA
20,TALIAFERRO FAMILY LIMITED PARTNERSH,BUSINESS,4,3507000,0,27,KING GEORGE VA
20,KING GEORGE FIRE & RESCUE INC,BUSINESS,6,3041650,0,26,KING GEORGE VA
20,TRUSTEES TABERNACLE BAPTIST CHURCH,CHURCH,2,2623500,0,48,KING GEORGE VA
20,CANNING FARM LIMITED PARTNERSHIP,BUSINESS,1,2242900,0,35,DOGUE VA
20,KING GEORGE PARCELS REALTY LLC,BUSINESS,6,1865900,0,3,BROOKLYN NY
20,SJS INC,BUSINESS,1,1860200,0,31,KING GEORGE VA
20,ST PAUL'S EPISCOPAL CHURCH,CHURCH,2,1482500,0,78,KING GEORGE VA
20,NORTHERN NECK LEASING COMPANY,BUSINESS,1,1113900,0,33,KING GEORGE VA
20,"STORE MASTER FUNDING XXX, LLC",BUSINESS,1,908300,0,1,SCOTTSDALE AZ
20,MATTHEWS J L LLC,BUSINESS,1,892000,0,1,KENSINGTON MD
20,PUCKETT BROTHERS CONSTRUCTION CO IN,BUSINESS,2,789000,0,28,KING GEORGE VA
20,SALEM BAPTIST CHURCH,CHURCH,1,714700,0,152,KING GEORGE VA
20,ARC ENTERPRISES LLC,BUSINESS,3,660650,0,30,DAHLGREN VA
20,TRUSTEES MT CARMEL BAPTIST CHURCH,CHURCH,1,656600,0,40,KING GEORGE VA
20,CHRISTIAN COMMUNITY INC,BUSINESS,1,597500,0,58,KING GEORGE VA
20,FAIRLAND DEVELOPERS INC,BUSINESS,5,580350,0,34,KING GEORGE VA
20,ST JOHN'S EPISCOPAL CHURCH(HANOVER),CHURCH,1,545596,0,77,KING GEORGE VA
20,CORBINS NECK LLC,BUSINESS,1,446000,0,4,WOODBINE MD
20,TRUSTEES HANOVER BAPTIST CHURCH,CHURCH,2,382700,0,49,KING GEORGE VA
20,PEOPLES UNION BAPTIST CHURCH,CHURCH,1,381700,0,29,KING GEORGE VA
20,BUDDS CREEK LUMBER LLC,BUSINESS,2,378900,0,2,MECHANICSVILLE MD
20,SHILOH BAPTIST CHURCH,CHURCH,1,348900,0,123,JERSEY VA
20,DUFFY PETER T JR & KATHLEEN N F & M MORTGAGE CORP.,BUSINESS,1,308900,0,38,KING GEORGE VA
20,DECKSON CORPORATION,BUSINESS,1,296400,0,56,KING GEORGE VA
20,KING GEORGE FARM BUREAU INC,BUSINESS,1,284200,0,38,KING GEORGE VA
20,EDEN ESTATES RECREATIONAL CLUB INC,ASSOCIATION,1,224680,0,56,KING GEORGE VA
20,PENSCO TRUST COMPANY LLC CUSTODIAN FBO RANDAL EUGENE WRIGHT IRA 100%,BUSINESS,1,220800,0,10,BOSTON MA
20,SOUTHERN RESOURCES MANAGEMENT INC,BUSINESS,2,180300,0,31,KING GEORGE VA
20,AUDINO HOLDINGS LLC,BUSINESS,2,117100,0,0,SHARON PA
20,FIRST NATIONAL INVESTMENTS CLOSINGS LLC,BUSINESS,1,65000,0,1,CHANDLER AZ
20,TRUSTEES OF ST STEPHENS BAPTIST CHURCH OF KING GEORGE CO,CHURCH,1,34900,0,31,KING GEORGE VA
