pid,total_due,as_of,source
5037613,82849.92,2025,a 2025 delinquent list you supplied
5039521,73277.73,2025,a 2025 delinquent list you supplied
5039384,58836.52,2025,a 2025 delinquent list you supplied
5043874,58103.96,2025,a 2025 delinquent list you supplied
5020557,54935.26,2025,a 2025 delinquent list you supplied
5004965,54774.22,2025,a 2025 delinquent list you supplied
5004473,50892.10,2025,a 2025 delinquent list you supplied
5004666,46175.54,2025,a 2025 delinquent list you supplied
5042891,44457.89,2025,a 2025 delinquent list you supplied
5008969,40272.28,2025,a 2025 delinquent list you supplied
5018727,38729.69,2025,a 2025 delinquent list you supplied
5043862,38292.79,2025,a 2025 delinquent list you supplied
5016219,37462.85,2025,a 2025 delinquent list you supplied
5035705,36716.69,2025,a 2025 delinquent list you supplied
5018502,35549.50,2025,a 2025 delinquent list you supplied
5044493,33829.94,2025,a 2025 delinquent list you supplied
5009861,33734.90,2025,a 2025 delinquent list you supplied
5013123,30923.14,2025,a 2025 delinquent list you supplied
5015226,29979.52,2025,a 2025 delinquent list you supplied
5019466,29011.48,2025,a 2025 delinquent list you supplied
5014559,28813.84,2025,a 2025 delinquent list you supplied
5015244,27074.68,2025,a 2025 delinquent list you supplied
5039394,26014.02,2025,a 2025 delinquent list you supplied
5028167,25333.30,2025,a 2025 delinquent list you supplied
5006572,25170.01,2025,a 2025 delinquent list you supplied
5014914,24385.46,2025,a 2025 delinquent list you supplied
5019362,23396.03,2025,a 2025 delinquent list you supplied
5016366,22486.87,2025,a 2025 delinquent list you supplied
5015702,22149.65,2025,a 2025 delinquent list you supplied
5026528,21759.28,2025,a 2025 delinquent list you supplied
5025190,21235.59,2025,a 2025 delinquent list you supplied
5037002,20846.89,2025,a 2025 delinquent list you supplied
5030772,20671.42,2025,a 2025 delinquent list you supplied
5030296,18181.72,2025,a 2025 delinquent list you supplied
5043420,18012.43,2025,a 2025 delinquent list you supplied
5016160,17722.41,2025,a 2025 delinquent list you supplied
5012353,17600.95,2025,a 2025 delinquent list you supplied
5020678,17336.35,2025,a 2025 delinquent list you supplied
5015564,16545.64,2025,a 2025 delinquent list you supplied
5039413,15857.24,2025,a 2025 delinquent list you supplied
5003437,15462.04,2025,a 2025 delinquent list you supplied
5001744,15175.01,2025,a 2025 delinquent list you supplied
5002054,15105.79,2025,a 2025 delinquent list you supplied
5012705,15017.70,2025,a 2025 delinquent list you supplied
5016289,14960.23,2025,a 2025 delinquent list you supplied
5016434,14721.26,2025,a 2025 delinquent list you supplied
5037881,14655.41,2025,a 2025 delinquent list you supplied
5006938,14432.23,2025,a 2025 delinquent list you supplied
5043337,14212.92,2025,a 2025 delinquent list you supplied
5012960,14196.87,2025,a 2025 delinquent list you supplied
5002649,14168.57,2025,a 2025 delinquent list you supplied
5018729,13907.34,2025,a 2025 delinquent list you supplied
5020630,13829.45,2025,a 2025 delinquent list you supplied
5002045,12895.58,2025,a 2025 delinquent list you supplied
5030483,12336.93,2025,a 2025 delinquent list you supplied
5038009,12328.87,2025,a 2025 delinquent list you supplied
5019083,12110.57,2025,a 2025 delinquent list you supplied
5042853,12063.37,2025,a 2025 delinquent list you supplied
5024378,11782.87,2025,a 2025 delinquent list you supplied
5046195,11674.62,2025,a 2025 delinquent list you supplied
5013146,11618.49,2025,a 2025 delinquent list you supplied
5002050,11442.27,2025,a 2025 delinquent list you supplied
5030784,11258.38,2025,a 2025 delinquent list you supplied
5030563,11078.51,2025,a 2025 delinquent list you supplied
5004946,10794.24,2025,a 2025 delinquent list you supplied
5028738,10757.01,2025,a 2025 delinquent list you supplied
5028981,10475.44,2025,a 2025 delinquent list you supplied
5014373,10292.83,2025,a 2025 delinquent list you supplied
5037215,10241.31,2025,a 2025 delinquent list you supplied
5002052,10203.24,2025,a 2025 delinquent list you supplied
5001400,10074.91,2025,a 2025 delinquent list you supplied
5003097,10019.47,2025,a 2025 delinquent list you supplied
5047346,9984.73,2025,a 2025 delinquent list you supplied
5005668,9766.52,2025,a 2025 delinquent list you supplied
5012258,9620.19,2025,a 2025 delinquent list you supplied
5037166,9354.75,2025,a 2025 delinquent list you supplied
5008540,9223.04,2025,a 2025 delinquent list you supplied
5047890,9100.06,2025,a 2025 delinquent list you supplied
5027449,9030.74,2025,a 2025 delinquent list you supplied
5005422,8987.51,2025,a 2025 delinquent list you supplied
5041233,8974.03,2025,a 2025 delinquent list you supplied
5031778,8842.71,2025,a 2025 delinquent list you supplied
5019433,8777.21,2025,a 2025 delinquent list you supplied
5019330,8767.55,2025,a 2025 delinquent list you supplied
5016226,8687.66,2025,a 2025 delinquent list you supplied
5025065,8556.15,2025,a 2025 delinquent list you supplied
5037448,8475.12,2025,a 2025 delinquent list you supplied
5023198,8435.50,2025,a 2025 delinquent list you supplied
5048097,8163.37,2025,a 2025 delinquent list you supplied
5013190,8123.74,2025,a 2025 delinquent list you supplied
5035062,8071.59,2025,a 2025 delinquent list you supplied
5035260,8002.07,2025,a 2025 delinquent list you supplied
5038376,7946.86,2025,a 2025 delinquent list you supplied
5002035,7900.33,2025,a 2025 delinquent list you supplied
5013274,7886.33,2025,a 2025 delinquent list you supplied
5015289,7729.68,2025,a 2025 delinquent list you supplied
5014867,7678.01,2025,a 2025 delinquent list you supplied
5015751,7609.13,2025,a 2025 delinquent list you supplied
5034981,7535.63,2025,a 2025 delinquent list you supplied
5003482,7424.40,2025,a 2025 delinquent list you supplied
5046617,7092.78,2025,a 2025 delinquent list you supplied
5032803,7020.55,2025,a 2025 delinquent list you supplied
5046689,6972.02,2025,a 2025 delinquent list you supplied
5035206,6957.58,2025,a 2025 delinquent list you supplied
5030572,6745.98,2025,a 2025 delinquent list you supplied
5031751,6728.79,2025,a 2025 delinquent list you supplied
5012630,6622.02,2025,a 2025 delinquent list you supplied
5003539,6617.58,2025,a 2025 delinquent list you supplied
5031290,6567.01,2025,a 2025 delinquent list you supplied
5020828,6545.94,2025,a 2025 delinquent list you supplied
5011360,6516.59,2025,a 2025 delinquent list you supplied
5024968,6511.83,2025,a 2025 delinquent list you supplied
5005438,6485.11,2025,a 2025 delinquent list you supplied
5041396,6474.52,2025,a 2025 delinquent list you supplied
5024811,6461.73,2025,a 2025 delinquent list you supplied
5020627,6357.96,2025,a 2025 delinquent list you supplied
5015890,6272.84,2025,a 2025 delinquent list you supplied
5012021,6264.56,2025,a 2025 delinquent list you supplied
5006229,6248.81,2025,a 2025 delinquent list you supplied
5032038,6238.43,2025,a 2025 delinquent list you supplied
5012954,6014.23,2025,a 2025 delinquent list you supplied
5012066,6006.91,2025,a 2025 delinquent list you supplied
5009665,5979.21,2025,a 2025 delinquent list you supplied
5022748,5878.55,2025,a 2025 delinquent list you supplied
5022606,5870.32,2025,a 2025 delinquent list you supplied
5020495,5862.22,2025,a 2025 delinquent list you supplied
5022274,5744.99,2025,a 2025 delinquent list you supplied
5024986,5730.68,2025,a 2025 delinquent list you supplied
5008539,5669.87,2025,a 2025 delinquent list you supplied
5021420,5624.83,2025,a 2025 delinquent list you supplied
5039924,5598.94,2025,a 2025 delinquent list you supplied
5033467,5547.26,2025,a 2025 delinquent list you supplied
5005842,5530.49,2025,a 2025 delinquent list you supplied
5046980,5406.52,2025,a 2025 delinquent list you supplied
5043297,5362.78,2025,a 2025 delinquent list you supplied
5001275,5345.39,2025,a 2025 delinquent list you supplied
5044464,5210.10,2025,a 2025 delinquent list you supplied
5043743,5154.53,2025,a 2025 delinquent list you supplied
5002365,5071.83,2025,a 2025 delinquent list you supplied
5022731,4827.36,2025,a 2025 delinquent list you supplied
5029693,4817.35,2025,a 2025 delinquent list you supplied
5002057,4738.06,2025,a 2025 delinquent list you supplied
5008714,4715.10,2025,a 2025 delinquent list you supplied
5018694,4710.90,2025,a 2025 delinquent list you supplied
5031847,4702.35,2025,a 2025 delinquent list you supplied
5047672,4689.39,2025,a 2025 delinquent list you supplied
5046664,4687.10,2025,a 2025 delinquent list you supplied
5023959,4637.70,2025,a 2025 delinquent list you supplied
5023932,4625.99,2025,a 2025 delinquent list you supplied
5032159,4585.43,2025,a 2025 delinquent list you supplied
5022617,4581.41,2025,a 2025 delinquent list you supplied
5043170,4510.25,2025,a 2025 delinquent list you supplied
5003542,4503.33,2025,a 2025 delinquent list you supplied
5023391,4490.38,2025,a 2025 delinquent list you supplied
5023370,4385.53,2025,a 2025 delinquent list you supplied
5038616,4377.99,2025,a 2025 delinquent list you supplied
5038007,4326.44,2025,a 2025 delinquent list you supplied
5021542,4267.23,2025,a 2025 delinquent list you supplied
5044366,4258.99,2025,a 2025 delinquent list you supplied
5030691,4256.83,2025,a 2025 delinquent list you supplied
5037065,4224.93,2025,a 2025 delinquent list you supplied
5025855,4201.30,2025,a 2025 delinquent list you supplied
5042903,4177.00,2025,a 2025 delinquent list you supplied
5039162,4172.03,2025,a 2025 delinquent list you supplied
5015690,4129.28,2025,a 2025 delinquent list you supplied
5045593,4089.24,2025,a 2025 delinquent list you supplied
5009488,4062.10,2025,a 2025 delinquent list you supplied
5015266,3942.90,2025,a 2025 delinquent list you supplied
5035681,3937.72,2025,a 2025 delinquent list you supplied
5022164,3895.21,2025,a 2025 delinquent list you supplied
5049754,3865.88,2025,a 2025 delinquent list you supplied
5017946,3828.85,2025,a 2025 delinquent list you supplied
5043316,3823.16,2025,a 2025 delinquent list you supplied
5024136,3821.73,2025,a 2025 delinquent list you supplied
5043318,3791.82,2025,a 2025 delinquent list you supplied
5038298,3785.36,2025,a 2025 delinquent list you supplied
5008600,3752.12,2025,a 2025 delinquent list you supplied
5035373,3725.72,2025,a 2025 delinquent list you supplied
5025899,3720.89,2025,a 2025 delinquent list you supplied
5024545,3699.94,2025,a 2025 delinquent list you supplied
5003945,3662.56,2025,a 2025 delinquent list you supplied
5039406,3656.63,2025,a 2025 delinquent list you supplied
5031887,3628.87,2025,a 2025 delinquent list you supplied
5036745,3605.27,2025,a 2025 delinquent list you supplied
5028466,3586.74,2025,a 2025 delinquent list you supplied
5048348,3583.10,2025,a 2025 delinquent list you supplied
5047834,3561.51,2025,a 2025 delinquent list you supplied
5026241,3530.37,2025,a 2025 delinquent list you supplied
5036028,3413.31,2025,a 2025 delinquent list you supplied
5016789,3382.49,2025,a 2025 delinquent list you supplied
5044383,3350.50,2025,a 2025 delinquent list you supplied
5030817,3314.89,2025,a 2025 delinquent list you supplied
5013539,3307.34,2025,a 2025 delinquent list you supplied
5002070,3286.07,2025,a 2025 delinquent list you supplied
5011676,3278.95,2025,a 2025 delinquent list you supplied
5009467,3277.87,2025,a 2025 delinquent list you supplied
5040611,3258.67,2025,a 2025 delinquent list you supplied
5001405,3241.37,2025,a 2025 delinquent list you supplied
5003090,3232.17,2025,a 2025 delinquent list you supplied
5013101,3225.79,2025,a 2025 delinquent list you supplied
5033293,3213.17,2025,a 2025 delinquent list you supplied
5011433,3191.16,2025,a 2025 delinquent list you supplied
5035249,3191.09,2025,a 2025 delinquent list you supplied
5030588,3152.19,2025,a 2025 delinquent list you supplied
5047842,3151.60,2025,a 2025 delinquent list you supplied
5046939,3148.33,2025,a 2025 delinquent list you supplied
5019971,3113.09,2025,a 2025 delinquent list you supplied
5005673,3095.90,2025,a 2025 delinquent list you supplied
5024981,3065.85,2025,a 2025 delinquent list you supplied
5038780,3020.75,2025,a 2025 delinquent list you supplied
5038789,3020.20,2025,a 2025 delinquent list you supplied
5021880,3010.84,2025,a 2025 delinquent list you supplied
5035642,3001.62,2025,a 2025 delinquent list you supplied
5039856,2975.33,2025,a 2025 delinquent list you supplied
5008256,2952.79,2025,a 2025 delinquent list you supplied
5004255,2929.58,2025,a 2025 delinquent list you supplied
5047879,2920.18,2025,a 2025 delinquent list you supplied
5014356,2919.17,2025,a 2025 delinquent list you supplied
5038029,2909.63,2025,a 2025 delinquent list you supplied
5030649,2892.59,2025,a 2025 delinquent list you supplied
5044054,2866.00,2025,a 2025 delinquent list you supplied
5026970,2850.86,2025,a 2025 delinquent list you supplied
5037001,2838.51,2025,a 2025 delinquent list you supplied
5023896,2817.11,2025,a 2025 delinquent list you supplied
5006570,2802.31,2025,a 2025 delinquent list you supplied
5003944,2802.19,2025,a 2025 delinquent list you supplied
5009740,2784.32,2025,a 2025 delinquent list you supplied
5032691,2784.32,2025,a 2025 delinquent list you supplied
5015626,2761.75,2025,a 2025 delinquent list you supplied
5010106,2756.22,2025,a 2025 delinquent list you supplied
5040179,2750.40,2025,a 2025 delinquent list you supplied
5029519,2748.61,2025,a 2025 delinquent list you supplied
5032145,2725.15,2025,a 2025 delinquent list you supplied
5016362,2700.11,2025,a 2025 delinquent list you supplied
5026694,2693.29,2025,a 2025 delinquent list you supplied
5023402,2686.26,2025,a 2025 delinquent list you supplied
5027458,2677.50,2025,a 2025 delinquent list you supplied
5002065,2673.08,2025,a 2025 delinquent list you supplied
5044806,2650.38,2025,a 2025 delinquent list you supplied
5022732,2647.18,2025,a 2025 delinquent list you supplied
5013614,2644.41,2025,a 2025 delinquent list you supplied
5043252,2641.43,2025,a 2025 delinquent list you supplied
5029042,2639.00,2025,a 2025 delinquent list you supplied
5031926,2630.89,2025,a 2025 delinquent list you supplied
5043319,2605.48,2025,a 2025 delinquent list you supplied
5037479,2587.63,2025,a 2025 delinquent list you supplied
5024464,2556.49,2025,a 2025 delinquent list you supplied
5044452,2554.66,2025,a 2025 delinquent list you supplied
5048947,2552.12,2025,a 2025 delinquent list you supplied
5018721,2521.14,2025,a 2025 delinquent list you supplied
5005767,2485.17,2025,a 2025 delinquent list you supplied
5024983,2475.94,2025,a 2025 delinquent list you supplied
5022868,2471.61,2025,a 2025 delinquent list you supplied
5013741,2464.36,2025,a 2025 delinquent list you supplied
5043485,2430.83,2025,a 2025 delinquent list you supplied
5028637,2399.47,2025,a 2025 delinquent list you supplied
5037225,2393.65,2025,a 2025 delinquent list you supplied
5021822,2384.19,2025,a 2025 delinquent list you supplied
5015819,2364.87,2025,a 2025 delinquent list you supplied
5003020,2348.65,2025,a 2025 delinquent list you supplied
5049202,2290.79,2025,a 2025 delinquent list you supplied
5038594,2249.89,2025,a 2025 delinquent list you supplied
5037137,2226.35,2025,a 2025 delinquent list you supplied
5002155,2220.50,2025,a 2025 delinquent list you supplied
5031161,2215.51,2025,a 2025 delinquent list you supplied
5004658,2210.23,2025,a 2025 delinquent list you supplied
5020492,2192.81,2025,a 2025 delinquent list you supplied
5037520,2166.97,2025,a 2025 delinquent list you supplied
5023844,2166.88,2025,a 2025 delinquent list you supplied
5036102,2165.43,2025,a 2025 delinquent list you supplied
5041253,2159.40,2025,a 2025 delinquent list you supplied
5005979,2156.27,2025,a 2025 delinquent list you supplied
5036715,2141.79,2025,a 2025 delinquent list you supplied
5022747,2139.13,2025,a 2025 delinquent list you supplied
5030291,2131.82,2025,a 2025 delinquent list you supplied
5014112,2126.56,2025,a 2025 delinquent list you supplied
5039172,2105.87,2025,a 2025 delinquent list you supplied
5025310,2101.21,2025,a 2025 delinquent list you supplied
5019969,2067.83,2025,a 2025 delinquent list you supplied
5005879,2064.23,2025,a 2025 delinquent list you supplied
5031741,2049.08,2025,a 2025 delinquent list you supplied
5036298,2046.40,2025,a 2025 delinquent list you supplied
5016649,2041.52,2025,a 2025 delinquent list you supplied
5040820,2024.23,2025,a 2025 delinquent list you supplied
5048198,2016.53,2025,a 2025 delinquent list you supplied
5007096,1983.60,2025,a 2025 delinquent list you supplied
5033934,1955.42,2025,a 2025 delinquent list you supplied
5049208,1941.49,2025,a 2025 delinquent list you supplied
5004680,1937.41,2025,a 2025 delinquent list you supplied
5014510,1876.10,2025,a 2025 delinquent list you supplied
5009559,1874.44,2025,a 2025 delinquent list you supplied
5039926,1862.78,2025,a 2025 delinquent list you supplied
5034938,1857.13,2025,a 2025 delinquent list you supplied
5021163,1856.07,2025,a 2025 delinquent list you supplied
5008601,1849.03,2025,a 2025 delinquent list you supplied
5044531,1835.51,2025,a 2025 delinquent list you supplied
5004674,1835.02,2025,a 2025 delinquent list you supplied
5044085,1833.50,2025,a 2025 delinquent list you supplied
5033305,1827.43,2025,a 2025 delinquent list you supplied
5030098,1827.08,2025,a 2025 delinquent list you supplied
5007820,1812.27,2025,a 2025 delinquent list you supplied
5016367,1808.48,2025,a 2025 delinquent list you supplied
5008450,1795.49,2025,a 2025 delinquent list you supplied
5014206,1793.41,2025,a 2025 delinquent list you supplied
5037671,1785.74,2025,a 2025 delinquent list you supplied
5034783,1742.16,2025,a 2025 delinquent list you supplied
5044268,1740.37,2025,a 2025 delinquent list you supplied
5037505,1716.02,2025,a 2025 delinquent list you supplied
5021277,1714.76,2025,a 2025 delinquent list you supplied
5013605,1699.25,2025,a 2025 delinquent list you supplied
5039829,1690.39,2025,a 2025 delinquent list you supplied
5048864,1661.40,2025,a 2025 delinquent list you supplied
5014579,1646.79,2025,a 2025 delinquent list you supplied
5030421,1641.39,2025,a 2025 delinquent list you supplied
5034854,1634.92,2025,a 2025 delinquent list you supplied
5037879,1617.59,2025,a 2025 delinquent list you supplied
5048211,1616.52,2025,a 2025 delinquent list you supplied
5001680,1612.57,2025,a 2025 delinquent list you supplied
5007732,1603.54,2025,a 2025 delinquent list you supplied
5011332,1599.39,2025,a 2025 delinquent list you supplied
5027077,1520.49,2025,a 2025 delinquent list you supplied
5006397,1511.75,2025,a 2025 delinquent list you supplied
5026246,1495.07,2025,a 2025 delinquent list you supplied
5014605,1484.58,2025,a 2025 delinquent list you supplied
5038034,1479.98,2025,a 2025 delinquent list you supplied
5030764,1472.46,2025,a 2025 delinquent list you supplied
5023171,1466.64,2025,a 2025 delinquent list you supplied
5047179,1432.86,2025,a 2025 delinquent list you supplied
5031270,1431.05,2025,a 2025 delinquent list you supplied
5039836,1399.79,2025,a 2025 delinquent list you supplied
5014608,1377.52,2025,a 2025 delinquent list you supplied
5007843,1360.76,2025,a 2025 delinquent list you supplied
5044036,1357.98,2025,a 2025 delinquent list you supplied
5037560,1345.90,2025,a 2025 delinquent list you supplied
5044098,1332.50,2025,a 2025 delinquent list you supplied
5044549,1325.63,2025,a 2025 delinquent list you supplied
5044551,1323.58,2025,a 2025 delinquent list you supplied
5009021,1280.73,2025,a 2025 delinquent list you supplied
5039850,1265.59,2025,a 2025 delinquent list you supplied
5013480,1252.62,2025,a 2025 delinquent list you supplied
5039409,1245.60,2025,a 2025 delinquent list you supplied
5010357,1236.11,2025,a 2025 delinquent list you supplied
5037459,1230.99,2025,a 2025 delinquent list you supplied
5023531,1229.97,2025,a 2025 delinquent list you supplied
5016159,1218.33,2025,a 2025 delinquent list you supplied
5049640,1185.73,2025,a 2025 delinquent list you supplied
5029050,1171.05,2025,a 2025 delinquent list you supplied
5047674,1137.45,2025,a 2025 delinquent list you supplied
5017580,1131.08,2025,a 2025 delinquent list you supplied
5045489,1130.41,2025,a 2025 delinquent list you supplied
5014140,1102.84,2025,a 2025 delinquent list you supplied
5040439,1089.11,2025,a 2025 delinquent list you supplied
5001664,1083.38,2025,a 2025 delinquent list you supplied
5001384,1070.93,2025,a 2025 delinquent list you supplied
5041650,1056.88,2025,a 2025 delinquent list you supplied
5025880,1036.54,2025,a 2025 delinquent list you supplied
5012372,1017.94,2025,a 2025 delinquent list you supplied
5040305,1000.00,2025,a 2025 delinquent list you supplied
5036852,999.53,2025,a 2025 delinquent list you supplied
5036967,988.07,2025,a 2025 delinquent list you supplied
5003592,951.76,2025,a 2025 delinquent list you supplied
5005871,947.95,2025,a 2025 delinquent list you supplied
5007351,941.91,2025,a 2025 delinquent list you supplied
5025887,908.58,2025,a 2025 delinquent list you supplied
5041995,899.78,2025,a 2025 delinquent list you supplied
5012514,893.32,2025,a 2025 delinquent list you supplied
5009643,885.44,2025,a 2025 delinquent list you supplied
5044094,880.78,2025,a 2025 delinquent list you supplied
5004249,861.77,2025,a 2025 delinquent list you supplied
5022754,860.68,2025,a 2025 delinquent list you supplied
5016179,817.44,2025,a 2025 delinquent list you supplied
5018225,786.36,2025,a 2025 delinquent list you supplied
5047257,768.05,2025,a 2025 delinquent list you supplied
5006428,761.47,2025,a 2025 delinquent list you supplied
5049107,751.38,2025,a 2025 delinquent list you supplied
5036025,740.83,2025,a 2025 delinquent list you supplied
5048713,738.08,2025,a 2025 delinquent list you supplied
5015158,737.96,2025,a 2025 delinquent list you supplied
5040619,712.88,2025,a 2025 delinquent list you supplied
5013440,590.43,2025,a 2025 delinquent list you supplied
5022304,589.81,2025,a 2025 delinquent list you supplied
5030941,578.78,2025,a 2025 delinquent list you supplied
5032678,540.42,2025,a 2025 delinquent list you supplied
5020962,516.88,2025,a 2025 delinquent list you supplied
5025879,504.13,2025,a 2025 delinquent list you supplied
5017961,481.13,2025,a 2025 delinquent list you supplied
5044657,443.86,2025,a 2025 delinquent list you supplied
5035651,412.80,2025,a 2025 delinquent list you supplied
5026845,412.48,2025,a 2025 delinquent list you supplied
5005675,375.31,2025,a 2025 delinquent list you supplied
5041365,373.89,2025,a 2025 delinquent list you supplied
5005674,373.60,2025,a 2025 delinquent list you supplied
5037913,365.96,2025,a 2025 delinquent list you supplied
5010003,356.94,2025,a 2025 delinquent list you supplied
5016166,354.42,2025,a 2025 delinquent list you supplied
5004380,332.91,2025,a 2025 delinquent list you supplied
5030845,332.17,2025,a 2025 delinquent list you supplied
5045889,318.36,2025,a 2025 delinquent list you supplied
5039307,307.45,2025,a 2025 delinquent list you supplied
5032064,303.28,2025,a 2025 delinquent list you supplied
5032590,263.28,2025,a 2025 delinquent list you supplied
5029466,252.35,2025,a 2025 delinquent list you supplied
5036970,240.41,2025,a 2025 delinquent list you supplied
5009536,235.56,2025,a 2025 delinquent list you supplied
5037244,234.66,2025,a 2025 delinquent list you supplied
5037138,223.33,2025,a 2025 delinquent list you supplied
5018322,218.61,2025,a 2025 delinquent list you supplied
5021550,210.91,2025,a 2025 delinquent list you supplied
5044638,200.21,2025,a 2025 delinquent list you supplied
5047168,195.69,2025,a 2025 delinquent list you supplied
5020649,177.14,2025,a 2025 delinquent list you supplied
5044678,173.61,2025,a 2025 delinquent list you supplied
5003984,169.12,2025,a 2025 delinquent list you supplied
5020121,166.90,2025,a 2025 delinquent list you supplied
5013181,166.20,2025,a 2025 delinquent list you supplied
5026065,150.59,2025,a 2025 delinquent list you supplied
5003763,145.36,2025,a 2025 delinquent list you supplied
5006293,142.49,2025,a 2025 delinquent list you supplied
5024639,128.15,2025,a 2025 delinquent list you supplied
5006472,111.49,2025,a 2025 delinquent list you supplied
5040111,108.67,2025,a 2025 delinquent list you supplied
5049637,99.29,2025,a 2025 delinquent list you supplied
5005411,96.88,2025,a 2025 delinquent list you supplied
5044651,91.11,2025,a 2025 delinquent list you supplied
5004661,86.93,2025,a 2025 delinquent list you supplied
5024630,82.24,2025,a 2025 delinquent list you supplied
5025712,77.13,2025,a 2025 delinquent list you supplied
5025663,76.02,2025,a 2025 delinquent list you supplied
5015876,74.62,2025,a 2025 delinquent list you supplied
5005413,66.74,2025,a 2025 delinquent list you supplied
5043922,61.50,2025,a 2025 delinquent list you supplied
5031856,60.36,2025,a 2025 delinquent list you supplied
5040698,58.42,2025,a 2025 delinquent list you supplied
5020805,55.92,2025,a 2025 delinquent list you supplied
5041201,51.69,2025,a 2025 delinquent list you supplied
5037078,50.42,2025,a 2025 delinquent list you supplied
5005918,49.77,2025,a 2025 delinquent list you supplied
5004305,47.39,2025,a 2025 delinquent list you supplied
5037804,45.46,2025,a 2025 delinquent list you supplied
5029032,44.93,2025,a 2025 delinquent list you supplied
5029472,44.29,2025,a 2025 delinquent list you supplied
5011967,42.68,2025,a 2025 delinquent list you supplied
5046862,41.03,2025,a 2025 delinquent list you supplied
5017829,35.27,2025,a 2025 delinquent list you supplied
5046855,35.04,2025,a 2025 delinquent list you supplied
5020502,32.76,2025,a 2025 delinquent list you supplied
5024988,31.60,2025,a 2025 delinquent list you supplied
5023583,28.77,2025,a 2025 delinquent list you supplied
5044018,27.00,2025,a 2025 delinquent list you supplied
5005692,22.86,2025,a 2025 delinquent list you supplied
5025859,21.72,2025,a 2025 delinquent list you supplied
5047393,20.29,2025,a 2025 delinquent list you supplied
5015893,16.93,2025,a 2025 delinquent list you supplied
5005658,9.87,2025,a 2025 delinquent list you supplied
5025961,7.00,2025,a 2025 delinquent list you supplied
5020353,5.59,2025,a 2025 delinquent list you supplied
5023985,4.35,2025,a 2025 delinquent list you supplied
5006889,4.10,2025,a 2025 delinquent list you supplied
5045658,3.23,2025,a 2025 delinquent list you supplied
5006365,2.47,2025,a 2025 delinquent list you supplied
5006167,1.89,2025,a 2025 delinquent list you supplied
5045888,1.21,2025,a 2025 delinquent list you supplied
5043535,1.12,2025,a 2025 delinquent list you supplied
5008603,0.76,2025,a 2025 delinquent list you supplied
5049131,0.71,2025,a 2025 delinquent list you supplied
5044484,0.66,2025,a 2025 delinquent list you supplied
5005689,0.55,2025,a 2025 delinquent list you supplied
5005112,0.45,2025,a 2025 delinquent list you supplied
5042272,0.35,2025,a 2025 delinquent list you supplied
5010543,0.22,2025,a 2025 delinquent list you supplied
5003174,0.19,2025,a 2025 delinquent list you supplied
5015755,0.11,2025,a 2025 delinquent list you supplied
5017279,0.02,2025,a 2025 delinquent list you supplied
