pid,former_owner,mail_addr,mail_city,mail_state,mail_zip,taxes_owed,years_behind,source
655,,1525 SPRING PL NW,WASHINGTON,DC,20010,13302.82,12,"county delinquent list, 2025"
1251,,2208 WYNGATE RD,SUITLAND,MD,20746,2080.65,5,"county delinquent list, 2025"
1346,,2208 WYNGATE RD,SUITLAND,MD,20746,2080.65,5,"county delinquent list, 2025"
1591,,6465 EAGLES NEST LN,KING GEORGE,VA,22485,8431.92,4,"county delinquent list, 2025"
2892,,111 OAKRIDGE DR,STAFFORD,VA,22556,2313.21,5,"county delinquent list, 2025"
4146,,PO BOX 3,ORANGE CITY,FL,32763,17192.77,37,"county delinquent list, 2025"
4281,,8217 16TH AVE,ADELPHI,MD,20783,8291.42,37,"county delinquent list, 2025"
4562,,1703 2ND ST NE,WASHINGTON,DC,20002,522.51,5,"county delinquent list, 2025"
4831,,765 NORTHRUP ST,FAIRHOPE,AL,36532,15723.74,34,"county delinquent list, 2025"
8391,,6027 27TH STREET NORTH,ARLINGTON,VA,22207,1466.29,5,"county delinquent list, 2025"
