pid,years_behind_2025_list
139,40
4141,40
4162,40
4369,40
4430,40
4454,40
4473,40
4474,40
4520,40
4543,40
4555,40
4622,40
4704,40
4830,40
4911,40
7881,40
8077,40
4563,39
7864,39
4146,37
4281,37
4327,37
4328,37
4411,37
4122,36
4433,36
4495,36
4545,36
5700,36
4210,35
4577,35
4831,34
4681,33
4280,32
4869,32
4237,31
4337,31
4629,28
4121,25
4579,25
2873,22
4492,22
4840,22
4866,21
6954,21
4265,20
4524,20
3995,16
4202,14
4748,14
655,12
2611,11
7865,10
4184,9
5960,9
1684,8
8835,7
3669,6
8674,6
13406,6
1251,5
1346,5
1743,5
1998,5
2218,5
2892,5
4562,5
7596,5
8391,5
9186,5
132,4
174,4
175,4
506,4
1591,4
2078,4
2132,4
4844,4
5133,4
5167,4
6345,4
6591,4
7317,4
7483,4
7487,4
8445,4
8899,4
9175,4
10314,4
10344,4
11062,4
11964,4
11974,4
153,3
187,3
259,3
274,3
276,3
309,3
446,3
597,3
1258,3
1606,3
2399,3
2655,3
2727,3
3074,3
3106,3
3392,3
3502,3
3567,3
3584,3
3721,3
3725,3
3731,3
3859,3
3861,3
3862,3
3966,3
4040,3
4101,3
4561,3
5015,3
5218,3
5400,3
5487,3
5669,3
5742,3
5831,3
6019,3
6027,3
6168,3
6293,3
6440,3
6478,3
6905,3
7025,3
7048,3
7159,3
7402,3
7759,3
7795,3
7959,3
8006,3
8010,3
8111,3
8137,3
8464,3
8478,3
8497,3
8521,3
8906,3
8908,3
9128,3
10173,3
10636,3
10875,3
11455,3
12270,3
12631,3
13563,3
14206,3
14320,3
11,2
12,2
16,2
173,2
264,2
424,2
477,2
478,2
479,2
719,2
730,2
1495,2
1500,2
1501,2
1642,2
1677,2
2056,2
2211,2
2388,2
2419,2
2440,2
2486,2
2509,2
2512,2
2579,2
2610,2
2829,2
2983,2
3327,2
3340,2
3369,2
3372,2
3601,2
3629,2
3664,2
3667,2
3668,2
3673,2
3701,2
3850,2
3860,2
4002,2
4011,2
4019,2
4021,2
4022,2
4036,2
4347,2
4459,2
4595,2
4702,2
4974,2
5025,2
5026,2
5027,2
5033,2
5057,2
5062,2
5188,2
5244,2
5459,2
5463,2
5570,2
5691,2
5806,2
5814,2
6024,2
6034,2
6037,2
6088,2
6134,2
6139,2
6159,2
6212,2
6325,2
6327,2
6370,2
6441,2
6467,2
6506,2
6507,2
6508,2
6517,2
6518,2
6519,2
6520,2
6521,2
6526,2
6546,2
6549,2
6640,2
6741,2
7067,2
7098,2
7181,2
7693,2
7705,2
7735,2
7815,2
7839,2
7845,2
7996,2
7997,2
8003,2
8066,2
8067,2
8071,2
8081,2
8098,2
8101,2
8163,2
8246,2
8300,2
8778,2
8780,2
8781,2
8800,2
8802,2
8912,2
8929,2
8931,2
9066,2
9098,2
9129,2
9130,2
9132,2
9183,2
9417,2
9423,2
10396,2
10397,2
10399,2
10882,2
10883,2
10923,2
11060,2
11092,2
11564,2
11970,2
11981,2
12079,2
12599,2
12637,2
12638,2
12639,2
12640,2
12641,2
13523,2
13524,2
13529,2
13532,2
13533,2
13534,2
13535,2
13561,2
13562,2
13582,2
13939,2
14677,2
14843,2
15021,2
4,1
8,1
30,1
32,1
137,1
148,1
188,1
213,1
256,1
261,1
269,1
333,1
352,1
354,1
360,1
364,1
365,1
392,1
393,1
430,1
433,1
438,1
441,1
443,1
503,1
512,1
513,1
514,1
516,1
580,1
609,1
621,1
622,1
635,1
638,1
648,1
652,1
672,1
689,1
728,1
735,1
747,1
752,1
778,1
780,1
784,1
788,1
801,1
822,1
836,1
841,1
844,1
847,1
900,1
904,1
905,1
964,1
1100,1
1103,1
1134,1
1243,1
1340,1
1384,1
1443,1
1524,1
1609,1
1621,1
1637,1
1664,1
1685,1
1776,1
1778,1
1779,1
1784,1
1786,1
1793,1
1833,1
1911,1
1917,1
1919,1
1965,1
2044,1
2107,1
2129,1
2149,1
2316,1
2342,1
2385,1
2474,1
2476,1
2488,1
2493,1
2510,1
2539,1
2544,1
2559,1
2743,1
2757,1
2769,1
2814,1
2818,1
2828,1
2899,1
3017,1
3040,1
3101,1
3109,1
3121,1
3182,1
3300,1
3342,1
3387,1
3445,1
3468,1
3605,1
3616,1
3637,1
3650,1
3661,1
3663,1
3688,1
3710,1
3713,1
3736,1
3738,1
3751,1
3833,1
3835,1
3881,1
3895,1
3954,1
3963,1
3970,1
4010,1
4034,1
4041,1
4095,1
4099,1
4155,1
4201,1
4256,1
4268,1
4274,1
4288,1
4421,1
4516,1
4649,1
4753,1
4812,1
4829,1
4887,1
4927,1
4929,1
4936,1
5009,1
5019,1
5028,1
5031,1
5090,1
5111,1
5114,1
5115,1
5150,1
5217,1
5220,1
5221,1
5223,1
5242,1
5248,1
5319,1
5349,1
5356,1
5378,1
5418,1
5420,1
5447,1
5456,1
5465,1
5489,1
5535,1
5551,1
5553,1
5568,1
5569,1
5576,1
5586,1
5609,1
5699,1
5703,1
5704,1
5715,1
5772,1
5845,1
5882,1
5883,1
5919,1
5921,1
5924,1
5947,1
5964,1
6006,1
6028,1
6048,1
6049,1
6077,1
6087,1
6094,1
6105,1
6135,1
6161,1
6162,1
6171,1
6202,1
6206,1
6240,1
6281,1
6283,1
6287,1
6316,1
6335,1
6337,1
6354,1
6381,1
6395,1
6396,1
6425,1
6556,1
6563,1
6566,1
6609,1
6660,1
6695,1
6701,1
6704,1
6712,1
6742,1
6849,1
6875,1
6896,1
6904,1
6991,1
6997,1
7001,1
7007,1
7015,1
7016,1
7017,1
7018,1
7029,1
7036,1
7077,1
7082,1
7150,1
7187,1
7208,1
7222,1
7233,1
7238,1
7294,1
7296,1
7297,1
7426,1
7440,1
7520,1
7544,1
7548,1
7589,1
7603,1
7676,1
7694,1
7706,1
7712,1
7716,1
7723,1
7742,1
7751,1
7760,1
7788,1
7789,1
7794,1
7841,1
7852,1
7861,1
7915,1
7916,1
7917,1
7931,1
7949,1
7985,1
7991,1
7992,1
8053,1
8055,1
8065,1
8097,1
8106,1
8108,1
8147,1
8161,1
8172,1
8280,1
8291,1
8314,1
8339,1
8342,1
8349,1
8368,1
8420,1
8446,1
8477,1
8488,1
8520,1
8582,1
8615,1
8617,1
8633,1
8643,1
8647,1
8649,1
8650,1
8693,1
8738,1
8742,1
8769,1
8811,1
8812,1
8820,1
8832,1
8833,1
8856,1
8904,1
8924,1
8940,1
8947,1
8977,1
9063,1
9126,1
9158,1
9169,1
9170,1
9187,1
9209,1
9210,1
9211,1
9212,1
9213,1
9214,1
9218,1
9219,1
9220,1
9223,1
9245,1
9247,1
9248,1
9249,1
9250,1
9289,1
9294,1
9305,1
9308,1
9388,1
9550,1
9566,1
9676,1
9927,1
10106,1
10178,1
10204,1
10436,1
10441,1
10465,1
10572,1
10629,1
10660,1
10728,1
10767,1
10783,1
10871,1
10885,1
10890,1
10903,1
10959,1
11071,1
11095,1
11159,1
11288,1
11381,1
11391,1
11456,1
11457,1
11459,1
11488,1
11490,1
11546,1
11574,1
11677,1
11838,1
11854,1
12097,1
12161,1
12187,1
12204,1
12418,1
12438,1
12439,1
12573,1
12595,1
12750,1
12840,1
12857,1
13065,1
13120,1
13123,1
13174,1
13210,1
13235,1
13236,1
13237,1
13240,1
13241,1
13242,1
13259,1
13260,1
13261,1
13285,1
13447,1
13539,1
13567,1
13581,1
13766,1
13804,1
13945,1
13983,1
13988,1
14012,1
14039,1
14055,1
14063,1
14064,1
14067,1
14072,1
14075,1
14078,1
14083,1
14084,1
14087,1
14094,1
14095,1
14118,1
14121,1
14124,1
14161,1
14162,1
14181,1
14194,1
14207,1
14243,1
14317,1
14325,1
14332,1
14457,1
14627,1
14842,1
14871,1
14987,1
15004,1
15018,1
15022,1
15054,1
15057,1
15058,1
15090,1
15096,1
15126,1
15301,1
15488,1
15501,1
15572,1
15583,1
15603,1
15609,1
15610,1
15616,1
15620,1
15623,1
15627,1
15631,1
15661,1
15689,1
15712,1
15715,1
15719,1
15722,1
15740,1
15741,1
15742,1
15746,1
15748,1
15759,1
15760,1
15761,1
15762,1
15763,1
15764,1
15805,1
15808,1
